Date,Close,High,Low,Open,Volume,daily_return_pct,ma_20,ma_50
,AAPL,AAPL,AAPL,AAPL,AAPL,,,
2025-06-03,202.46678161621094,202.96480586317466,200.16591202699755,200.55437033168948,46381600,,,
2025-06-04,202.0185546875,205.42503857555045,201.30139858491114,202.10819540070028,43604000,-0.22138294743113685,,
2025-06-05,199.8372039794922,203.94091870107042,199.35908978394463,202.69585814733983,55126100,-1.0797774052893838,,
2025-06-06,203.11419677734375,204.8871617909174,201.2515910514923,202.19783403313102,46607700,1.6398311888850658,,
2025-06-09,200.65396118164062,205.18598475848052,199.22961916524454,203.58234611432158,72862600,-1.2112573294913775,,
2025-06-10,201.869140625,203.54250994980842,199.77744796710627,199.8073282051838,54672600,0.6056094961710334,,
2025-06-11,197.9945068359375,203.69190510411792,197.62597377823997,202.69585666840098,60989900,-1.9193789486923962,,
2025-06-12,198.41285705566406,198.890956077424,196.58013147350607,198.29333609984755,43904600,0.21129385173963566,,
2025-06-13,195.67372131347656,199.57822954037988,194.92668495173118,198.94075911963023,51447300,-1.3805233102505254,,
2025-06-16,197.6359405517578,197.90487790098294,195.78328974313985,196.52037110088898,43020700,1.0028016154186137,,
2025-06-17,194.86692810058594,197.6060614779548,194.43863454049264,196.4207613301707,38856200,-1.4010672570188287,,
2025-06-18,195.80319213867188,196.78928550519313,194.29916455806153,195.16572178414586,45394700,0.4804632818980137,,
2025-06-20,200.2057647705078,200.90299573747222,196.0821242533237,197.45667615855015,96813500,2.2484682623141072,,
2025-06-23,200.70376586914062,201.50060768152076,198.17380945321412,200.83325703321927,55814300,0.24874463490283105,,
2025-06-24,199.5084991455078,202.63609053842802,199.40888822531906,201.78944331230142,54064000,-0.5955377660487593,,
2025-06-25,200.76351928710938,202.8651820841085,199.82723133036671,200.65395335177794,39525700,0.6290559785556926,,
2025-06-26,200.2057647705078,201.8392838353224,198.6718566431861,200.63405836503767,50799100,-0.2778166663854553,,
2025-06-27,200.2854461669922,202.41698947637084,199.20971189891864,201.09224306842364,73188600,0.039799751308722264,,
2025-06-30,204.3592529296875,206.57048164253425,198.4726031076903,201.211736268348,91912800,2.034000393268065,,
2025-07-01,206.99879455566406,209.35942450018746,205.3254252695324,205.85332972802502,78788900,1.291618357444646,200.16888961791992,
2025-07-02,211.6005401611328,212.49697770796604,207.31752868499885,208.08449026524102,67941800,2.223078455769123,200.625577545166,
2025-07-03,212.70614624023438,213.8017903991559,210.97301649264048,211.31166931275297,34955800,0.5224968132215846,201.15995712280272,
2025-07-07,209.12037658691406,215.37555986284275,207.97492690746134,211.83958469799765,50229000,-1.6857856327623377,201.62411575317384,
2025-07-08,209.1801300048828,210.59451698338924,207.6262968509882,209.26978591644843,42848900,0.028573694703504238,201.9274124145508,
2025-07-09,210.30567932128906,210.49493096772343,206.40117103180637,208.7020406311003,48749400,0.5380765928293396,202.4099983215332,
2025-07-10,211.57064819335938,212.6364120977978,209.2000480941239,209.678147079363,44443600,0.601490590341025,202.89507369995118,
2025-07-11,210.3256072998047,211.29177557167307,209.03074119537857,209.73794232575938,39765800,-0.5884752465364684,203.51162872314453,
2025-07-14,207.7956085205078,210.07656782568804,206.719874444485,209.10042946873696,38840100,-1.2028962197125792,203.98076629638672,
2025-07-15,208.28369140625,211.05270487364396,208.09443976951917,208.39325734338402,42296300,0.23488604461725515,204.61126480102538,
2025-07-16,209.3295440673828,211.5606828488181,207.8155461810567,209.4689902412225,47490500,0.5021289252517214,205.19594497680663,
2025-07-17,209.19009399414062,210.96305897069354,208.761785269157,209.7379236663323,48068100,-0.06661748290881508,205.91210327148437,
2025-07-18,210.3455047607422,210.95309492429405,208.87135730762196,210.0367321724359,48974600,0.5523257552692451,206.63921890258788,
2025-07-21,211.64036560058594,214.92732845073886,210.7937335563828,211.2618775331451,51377400,0.6155875978032466,207.2109489440918,
2025-07-22,213.5527801513672,214.1006098348481,211.39135685335447,212.29776458434165,46404100,0.9036152178977019,207.85339965820313,
2025-07-23,213.30377197265625,214.29982043425818,211.57065737650467,214.15041924441525,46989300,-0.11660263965397322,208.54316329956055,
2025-07-24,212.91531372070312,214.83769515517375,212.68622683006964,213.05475989741393,46022600,-0.18211504107996657,209.15075302124023,
2025-07-25,213.0348358154297,214.38946224202752,212.55672164240056,213.85158759699283,40268800,0.056135978496762995,209.79220657348634,
2025-07-28,213.20419311523438,214.00103498726418,212.21809958876685,213.18426788884761,37858000,0.07949746770590238,210.43814392089843,
2025-07-29,210.43516540527344,213.96117031669576,209.9869466315705,213.33365491441555,51411700,-1.298767941428014,210.74193954467773,
2025-07-30,208.22393798828125,211.5507362671114,206.89919168476044,211.06266703997414,45512500,-1.0507879767783224,210.8031967163086,
2025-07-31,206.74977111816406,209.0107900151974,206.34138763159262,207.6661338109758,80698400,-0.7079718520164313,210.56065826416017,
2025-08-01,201.58029174804688,212.73603143542957,200.7037642416869,210.03673342752194,104434500,-2.5003555467844607,210.00436553955078,
2025-08-04,202.5464630126953,207.0585613783641,200.88304868853191,203.70186769022786,75109300,0.4792984751981866,209.67566986083983,
2025-08-05,202.11814880371094,204.52858421879685,201.36115745633876,202.59624780213056,44155100,-0.21146466969286237,209.32257080078125,
2025-08-06,212.40733337402344,214.52892145014,204.77759854868273,204.81744899810374,108483100,5.090678215297206,209.42765350341796,
2025-08-07,219.16053771972656,219.97730473834642,215.7241736307253,218.01508808955717,90224800,3.1793649675039948,209.80714797973633,
2025-08-08,228.44371032714844,230.08718413442585,218.3836152444713,219.95737356583322,113854000,4.235786562676558,210.71305313110352,
2025-08-11,226.53909301757812,228.91238364576833,224.12592192869855,227.27701087414155,61806100,-0.833735937331237,211.65022735595704,
2025-08-12,229.0021209716797,230.14888579943394,226.429412881848,227.36674823663387,55626200,1.0872419065924621,212.6861488342285,
2025-08-13,232.6717529296875,234.33703985510917,229.77992501054072,230.4181341091737,69878500,1.6024445286520361,213.85325927734374,207.61321899414062
2025-08-14,232.123291015625,234.4566858681212,230.1987431425788,233.39967872378062,51916300,-0.23572346327241922,214.99991912841796,208.20634918212892
2025-08-15,230.9366455078125,233.6190590405621,228.69299310222902,233.33985018068216,56038700,-0.5112134601489071,216.02947616577148,208.78471099853516
2025-08-18,230.23863220214844,232.46233685580373,229.46083388892833,231.04634466466607,37476200,-0.3022531587090427,216.95938949584962,209.39273956298828
2025-08-19,229.90956115722656,232.2130419457167,228.70298322789472,230.62753117126795,39402600,-0.14292607707683258,217.77722854614257,209.92864685058595
2025-08-20,225.3723907470703,229.81981519856654,225.13307755654054,229.33119207499826,42263900,-1.9734587754066668,218.3806594848633,210.42301544189453
2025-08-21,224.26553344726562,225.88097364743615,223.14869792378403,225.6316789169631,30621200,-0.49112373353970007,218.94817047119142,210.87094329833985
2025-08-22,227.11746215820312,228.44371192910324,224.77410085849388,225.53195134940427,42477800,1.2716749948596506,219.65230178833008,211.45340240478515
2025-08-25,226.51914978027344,228.6531118971015,225.59176554347297,225.84106025439092,30983100,-0.26343741790885167,220.31804962158202,212.01552825927735
2025-08-26,228.6630859375,228.84258604761433,224.05612439304167,226.22996704217394,54575100,0.9464701590599311,221.22944564819335,212.67531555175782
2025-08-27,229.8397674560547,230.24859923631865,227.6160475796746,227.96506627689797,31259500,0.5145918125483151,222.31023712158202,213.31939208984375
2025-08-28,231.9039306640625,232.75153884501827,228.69301327644948,230.16884905542523,38074700,0.8980879291928812,223.56794509887695,214.0601321411133
2025-08-29,231.485107421875,232.7216147258446,230.71727541448905,231.85405874294378,39418400,-0.18060204541949787,225.06318588256835,214.77377044677735
2025-09-02,229.0719451904297,230.19876225122124,226.32970313085187,228.6032698757151,44075600,-1.042469754672981,226.38945999145508,215.3510940551758
2025-09-03,237.79725646972656,238.17618932549604,233.69885053091846,236.5408165177042,66427800,3.8089829254487784,228.17341537475585,216.0929638671875
2025-09-04,239.10354614257812,239.2232027368954,236.0721290991865,237.77729643117493,47549400,0.5493291605817463,229.5082260131836,216.8848648071289
2025-09-05,239.0137939453125,240.63920029193574,237.81718240373485,239.32291694518142,54870400,-0.03753695782166,230.5008888244629,217.64987030029297
2025-09-08,237.2089080810547,239.47249309970456,235.67324414176576,238.62490021245955,48999500,-0.7551387869566994,230.93914871215821,218.3899331665039
2025-09-09,233.68887329101562,238.1063683630383,232.70166073618753,236.33139119913957,66313900,-1.4839387013392713,231.29663772583007,219.05800170898436
2025-09-10,226.1501922607422,231.76431424305812,225.31256565050364,231.53496736029473,83440800,-3.2259477843797124,231.1540412902832,219.49382049560546
2025-09-11,229.3810577392578,229.7998710451417,226.010588238333,226.23995033725743,50208600,1.4286370691166894,230.98950653076173,219.94146575927735
2025-09-12,233.40966796875,233.84841389514688,228.3739115767776,228.5733443098202,55824200,1.756295951024689,231.05382537841797,220.3776483154297
2025-09-15,236.0322265625,237.5180285002954,234.3669397384463,236.33138325533858,42699500,1.1235861035975292,231.30860443115233,220.844169921875
2025-09-16,237.4781494140625,240.53949594661788,235.65332541334,236.51088466190768,63421100,0.6125955224930424,231.67058029174805,221.41132537841796
2025-09-17,238.3157958984375,239.42266510979977,237.05934071942244,238.2958480596019,46508000,0.3527257082143187,232.09089202880858,221.99403869628907
2025-09-18,237.2089080810547,240.51953392817583,235.98236714862816,239.2930082114909,44249600,-0.4644626316983702,232.6827178955078,222.53210327148437
2025-09-19,244.8074188232422,245.60516498271895,239.53234916144805,240.5494606794321,163741300,3.203299068174581,233.70981216430664,223.19683868408202
2025-09-22,255.35755920410156,255.9160073848096,247.42002368458668,247.5995237986898,105517400,4.309567263758818,235.12181701660157,224.09747772216798
2025-09-23,253.71221923828125,256.6140134777918,252.86462630601793,255.15814081026073,60275200,-0.6443278871197333,236.48147048950196,225.01580993652342
2025-09-24,251.59820556640625,255.01853710208397,250.33178410429736,254.49999981420794,42303700,-0.8332328960039437,237.62822647094725,225.88210021972657
2025-09-25,256.14532470703125,256.4444966190252,250.99989343760635,252.49566170312627,55202100,1.8072939472633998,238.9435043334961,226.81841583251952
2025-09-26,254.73931884765625,256.87328100426123,253.06405044687503,253.38315498635407,46076300,-0.54890943685314,240.08527374267578,227.72940032958985
2025-09-29,253.71221923828125,254.28061851263055,252.29622703166862,253.84185736381545,40127700,-0.4031963397017835,241.1966293334961,228.59673461914062
2025-09-30,253.9116668701172,255.1980209495745,252.39595068950493,254.1410137555297,37704300,0.07861175643599783,242.43861541748046,229.44216064453124
2025-10-01,254.72933959960938,258.0599285933123,254.21080232618834,254.32049261064776,48713900,0.32203038937570483,243.28521957397462,230.2656918334961
2025-10-02,256.40460205078125,257.45162766856953,253.43299812845933,255.85613542550084,42630200,0.6576637201686664,244.15027236938477,231.1277084350586
2025-10-03,257.2920837402344,258.5086431914624,253.23357360959045,253.9515436206674,49155600,0.34612549164674267,245.06418685913087,232.0152438354492
2025-10-06,255.96583557128906,258.33912604890287,254.3304629034206,257.2621558739689,44664100,-0.5154640398047805,246.00203323364258,232.8738638305664
2025-10-07,255.75645446777344,256.6738420114173,254.70939836699205,256.0855101139428,31955800,-0.08180041021814688,247.10541229248048,233.7249090576172
2025-10-08,257.3320007324219,257.7906945345413,255.38748958216482,255.79633660873378,36496900,0.6160338232429563,248.66450271606445,234.66284576416015
2025-10-09,253.32330322265625,257.27213808351553,252.42584836214985,257.08267167133846,38322000,-1.5577920734133444,249.8616149902344,235.56483306884766
2025-10-10,244.57806396484375,255.6567217403356,243.3116425485481,254.2207817432353,61999100,-3.452204809648307,250.42003479003907,236.32139892578124
2025-10-13,246.96133422851562,248.98560621270488,244.86725241658198,248.67648318296307,38142900,0.9744415443628807,250.96649017333985,237.2290197753906
2025-10-14,247.07101440429688,248.14796941642882,244.00966795095763,245.90431694508948,35478000,0.04441188177246591,251.44613342285157,238.11951080322265
2025-10-15,248.63658142089844,251.10959602979932,246.77186176083558,248.78616738422895,33893600,0.6336506208048043,251.9621726989746,239.0498794555664
2025-10-16,246.75192260742188,248.33743345063007,244.43847540742667,247.54966879270205,39777000,-0.7579973963228515,252.43932342529297,239.73677124023436
2025-10-17,251.5782470703125,252.66518358811555,246.57242016484557,247.3203043073955,49147000,1.9559419889786378,252.7778648376465,240.3851254272461
2025-10-20,261.50018310546875,263.63416054313814,254.90884523128253,255.168106265739,90483000,3.9438767662544505,253.08499603271486,241.0462548828125
2025-10-21,262.0286560058594,264.5415659974475,261.0913055219307,261.1411827196178,46695900,0.202092745830873,253.50081787109374,241.75604614257813
2025-10-22,257.72088623046875,262.1084670888602,254.70938662410154,261.9090191460537,45015300,-1.6440071254245958,253.80695190429688,242.3304214477539
2025-10-23,258.84765625,259.8847307097371,257.2821086816683,259.2066564378435,32754900,0.43720555055193344,253.94206848144532,242.85393951416015
2025-10-24,262.0785827636719,263.3848847726989,258.4488367256365,260.4531761824355,38253700,1.2481961631328753,254.30903167724608,243.45304534912108
2025-10-27,268.0516662597656,268.36078929414754,263.90339825112477,264.13276036080543,44888200,2.2791192752595,255.0260040283203,244.19534576416015
2025-10-28,268.2411193847656,269.12862319727753,267.39351124836816,268.23113785786586,41534800,0.07067783895675639,255.74247665405272,244.9553955078125
2025-10-29,268.93914794921875,270.6443152614699,266.35642794866993,268.5203194424725,51086700,0.26022429598195895,256.4529670715332,245.73598724365235
2025-10-30,270.63433837890625,273.36662916750566,267.72259312931254,271.2226702585742,69886500,0.6303249053230431,257.16445388793943,246.64122619628907
2025-10-31,269.6072692871094,276.53767519933945,268.40069127196034,276.2085891024436,86167100,-0.37950435186790976,257.7802131652832,247.54806091308595
2025-11-03,268.29095458984375,270.08589475979994,265.49886601188945,269.65711516237894,50194600,-0.48823412690103263,258.39646911621094,248.37153076171876
2025-11-04,269.2781982421875,270.72408938596277,266.86501191822913,267.5730004152706,49274800,0.3679750045442409,259.07255630493165,249.22671173095702
2025-11-05,269.3779296875,270.9335263776032,266.17696342424256,267.8522167164328,43683100,0.037036583712879434,259.6748527526855,250.04100860595702
2025-11-06,269.0089416503906,272.6287059365568,267.1342708755924,267.1342708755924,51204000,-0.13697782796735503,260.4591346740723,250.82439208984374
2025-11-07,267.7126159667969,271.5218466038475,266.0173996929098,269.03885049148494,48227400,-0.4818894404181151,261.6158622741699,251.54056579589843
2025-11-10,268.93035888671875,273.22240319845355,266.96401085683,268.46122924118225,41312400,0.454869456011342,262.7143135070801,252.2894708251953
2025-11-11,274.73956298828125,275.3983427074405,269.2996575494418,269.3096487524697,46208300,2.160114657791201,264.0977409362793,253.20282318115235
2025-11-12,272.9628601074219,275.2186787593472,271.19615348009904,274.49002155435767,48398000,-0.6466862149501096,265.31405487060545,253.90613525390626
2025-11-13,272.44384765625,276.1868935731559,271.5854266195937,273.6016697208788,49602800,-0.19014031834500011,266.59865112304686,254.57294128417968
2025-11-14,271.9048156738281,275.44821996704485,269.10002929321837,270.54732197227213,47431300,-0.197850671637112,267.61497955322267,255.23076171875
2025-11-17,266.9639892578125,269.98836893107386,265.237217022597,268.3214829895084,45018300,-1.8171161859606544,267.88816986083987,255.82586334228515
2025-11-18,266.9440612792969,270.2079864201871,264.8279974843966,269.48932037088264,45677300,-0.007464669137968727,268.1339401245117,256.4909671020508
2025-11-19,268.06195068359375,271.7051756343288,265.00762791735707,265.0375710636542,40424500,0.41877290655560895,268.65099334716797,257.32920227050784
2025-11-20,265.7562561035156,274.91922505965954,265.42688147061517,270.327749378444,45823600,-0.8601349703672212,268.9964233398438,258.056706237793
2025-11-21,270.98651123046875,272.8230952896135,265.17732758833057,265.4568071090486,59030800,1.9680647235321702,269.4418197631836,258.80824310302734
2025-11-24,275.4083251953125,276.4863089537433,270.397615191446,270.397615191446,65585800,1.6317468883471742,269.8096527099609,259.5957650756836
2025-11-25,276.4563903808594,279.8600705608694,274.73957871594786,274.75953066216096,46914200,0.3805495657415614,270.2204162597656,260.37532989501955
2025-11-26,277.0352783203125,279.01161742605893,276.1170014953278,276.44637611579356,33431400,0.2093957526739132,270.62522277832034,261.149719543457
2025-11-28,278.3328857421875,278.4826014787427,275.4781737009374,276.7458380127342,20135600,0.46839067924580036,271.01015014648436,261.9721990966797
2025-12-01,282.57501220703125,282.89442609469603,275.62792768573877,277.4944549964911,46587700,1.524119743713337,271.65853729248045,262.7275509643555
2025-12-02,285.6592712402344,286.86701880065203,282.10587559562896,282.47518456741903,53669500,1.0914832876105063,272.526953125,263.3335852050781
2025-12-03,283.623046875,288.0847586222564,282.77461708045536,285.6692634925469,43538700,-0.7128157809805358,273.24419555664065,263.9318017578125
2025-12-04,280.179443359375,284.20196835267484,278.07334059490756,283.5731318378766,43989100,-1.2141479874668626,273.7842712402344,264.50342651367185
2025-12-05,278.26300048828125,280.6186397013617,277.53434330937836,280.01974631085085,47265800,-0.6840055245008081,274.2469741821289,264.9457800292969
2025-12-08,277.3746643066406,279.15136205700173,275.6378704438954,277.6142094762677,38211800,-0.3192433705098474,274.7300765991211,265.39848693847654
2025-12-09,276.66595458984375,279.5106752769474,276.40645748061854,277.64414811825674,32193300,-0.2555062909471051,275.11685638427736,265.8575616455078
2025-12-10,278.26300048828125,279.2312028389952,275.92734368017386,277.23491184461454,33038300,0.5772469911612843,275.2930282592773,266.3445883178711
2025-12-11,277.514404296875,279.07150890817053,273.3022288840155,278.5824273392719,33248000,-0.2690246960942222,275.52060546875,266.8002896118164
2025-12-12,277.7639465332031,278.70220580092337,276.30666253778065,277.38464634485007,39532900,0.08992046267306542,275.78661041259767,267.2274765014648
2025-12-15,273.6016540527344,279.63046152672615,272.33402020742307,279.63046152672615,50409100,-1.498499906996098,275.87145233154297,267.55366790771484
2025-12-16,274.1007385253906,274.9891026980292,271.2859911871425,272.3140798989353,37648600,0.18241281266524467,276.22828979492186,267.9163659667969
2025-12-17,271.33587646484375,275.6478724530811,271.13626563598973,274.50001118897205,50138700,-1.0087028861802017,276.44788055419923,268.22795440673826
2025-12-18,271.68524169921875,273.12257373871984,266.4549687260805,273.1025913325419,51630700,0.1287574790797219,276.6290451049805,268.51501922607423
2025-12-19,273.1625061035156,274.09077415448866,269.399477884542,271.6453053723066,144632000,0.5437411303821804,276.99935760498045,268.9118032836914
2025-12-22,270.4674987792969,273.37210596231955,270.00836035897595,272.3539780142796,36571800,-0.9865948891234266,276.97340698242186,269.42959197998044
2025-12-23,271.85491943359375,271.99467443806464,269.06012395403746,270.3377490962612,29642000,0.5129713035979311,276.7957366943359,269.92746368408206
2025-12-24,273.3022155761719,274.9192064044749,271.69521595033444,271.8349404799371,17910600,0.5323781322749355,276.6380279541016,270.4520877075195
2025-12-26,272.8929748535156,274.859322715931,272.35396775197984,273.65157518449314,21521800,-0.14973926274014504,276.43091278076173,270.93721557617187
2025-12-29,273.2523498535156,273.8512128461511,271.8449608988494,272.1843267483383,23715200,0.1316908213532919,276.1768859863281,271.46722412109375
2025-12-30,272.5735778808594,273.5717234473003,271.77507361210075,272.304089543875,22139600,-0.24840480713893553,275.6768142700195,271.8871307373047
2025-12-31,271.3558349609375,273.17246717497864,271.24605357156486,272.553621806917,27293600,-0.446757506501283,274.9616424560547,272.08424377441406
2026-01-02,270.5074157714844,277.32473598417806,268.5011336129586,271.75509761912826,37838100,-0.3126592761770741,274.3058609008789,272.2538189697266
2026-01-05,266.7643737792969,271.0064921177503,265.6464557026853,270.1381104139889,45647200,-1.3837114156417418,273.635107421875,272.43468872070315
2026-01-06,261.8734436035156,267.0538212812338,261.6338984265986,266.504853430471,52352100,-1.8334270451824564,272.81562957763674,272.4952044677734
2026-01-07,259.8471984863281,263.1909919246956,259.32817380451803,262.71190159101934,48309800,-0.7737497507594893,271.9392562866211,272.45057678222656
2026-01-08,258.55963134765625,258.80916773471864,255.22581364132833,256.5433578451618,50419300,-0.4955093401707855,271.03394012451173,272.2607360839844
2026-01-09,258.8890075683594,259.7274461787287,255.74485516422806,258.5995368285105,39997000,0.12738888084979916,270.06524047851565,272.0736938476563
2026-01-12,259.76739501953125,260.8154357257053,256.32378048041085,258.6794199598783,45263800,0.339291134614883,269.1778900146484,271.8902587890625
2026-01-13,260.5658874511719,261.3244878277737,257.9108470550362,258.24022168851656,45730800,0.3073874731586601,268.3179870605469,271.6888897705078
2026-01-14,259.4779052734375,261.33447181199796,256.23393227813756,259.0087756526009,40019400,-0.4175458991876879,267.611799621582,271.4863024902344
2026-01-15,257.73114013671875,260.5559089501236,256.5732877053955,260.1666175851947,39388600,-0.6731845375728684,266.79331970214844,271.27510620117187
2026-01-16,255.05613708496094,258.41988279267105,254.45724364888233,257.4217372195352,72142800,-1.03790448074641,265.9793327331543,270.9906649780273
2026-01-20,246.2425079345703,254.31750190322293,242.9685916985444,252.26132447540706,80267500,-3.4555644302943223,264.7071960449219,270.52795654296875
2026-01-21,247.1907501220703,251.09350304772093,244.72532928784554,248.23880604127606,54641700,0.38508468560267684,263.4086082458496,270.09159271240236
2026-01-22,247.8894500732422,250.53452965267718,247.68980878155546,248.737864640942,39708300,0.2826561879143208,262.2797058105469,269.69512939453125
2026-01-23,247.58001708984375,248.94748685874615,244.22624741136653,246.86136630134166,41689000,-0.12482700788880585,261.0659606933594,269.26812255859375
2026-01-26,254.9363555908203,256.08421686766076,249.336758511775,251.01363570547153,55969200,2.97129735567756,260.1476676940918,268.8720584106445
2026-01-27,257.791015625,261.46421404872183,257.73112933459527,258.68937090303496,49648300,1.1197539980376536,259.392569732666,268.5686215209961
2026-01-28,255.96446228027344,258.3799575946877,254.03803333601454,257.17220993748055,41288000,-0.7085403423770176,258.5281753540039,268.23903381347657
2026-01-29,257.801025390625,259.16847988830324,253.93820707645818,257.52154586161765,67253000,0.7175070687510443,257.7895477294922,267.9569580078125
2026-01-30,258.9988098144531,261.41430490835,251.7123292610244,254.69678984095313,92443400,0.46461584937966816,257.171696472168,267.7976544189453
2026-02-02,269.5093078613281,269.98839826257677,258.7293169184304,259.5478036352127,73913400,4.058126002356821,257.12179107666014,267.8489593505859
2026-02-03,268.98028564453125,271.3758289780004,267.11372779647115,268.70080609664296,64394700,-0.19629088916998105,257.2325866699219,267.86732604980466
2026-02-04,275.97723388671875,278.432693698261,271.7850411492978,271.7850411492978,90545700,2.601286642781786,257.93777618408205,268.0717456054688
2026-02-05,275.3983459472656,278.98168486317746,272.72332314901723,277.6142303156022,52977400,-0.2097593092373451,258.71533355712893,268.1599822998047
2026-02-06,277.6042175292969,280.3890519626743,276.4164219647768,276.6060720438839,50453400,0.8009748840153375,259.6675628662109,268.2039001464844
2026-02-09,274.3672180175781,277.9439398399519,271.4499228389202,277.6541982366954,44623400,-1.166048390953256,260.44147338867185,268.16211669921876
2026-02-10,273.4280700683594,275.11651686144285,272.68876099546605,274.6369782150198,34376900,-0.3422959769044165,261.12450714111327,268.0899725341797
2026-02-11,275.24639892578125,279.92208361183503,274.1973776592452,274.44714753122867,51931300,0.6650117732854843,261.85853271484376,268.0282427978516
2026-02-12,261.4891052246094,275.46621856633783,259.94051360693726,275.3363333447182,81077200,-4.998173910671744,261.95909271240237,267.6065246582031
2026-02-13,255.5445556640625,261.9886306947134,255.21485759663088,261.7688319830923,56290700,-2.2733450234726726,261.84976348876955,267.00423034667966
2026-02-17,263.6371154785156,266.0449008431299,255.30478047881587,257.8124646511843,58469100,3.1667901487565153,262.27881240844727,266.60451171875
2026-02-18,264.106689453125,266.57441720150126,262.20844437502524,263.35737977838915,34203300,0.17811375828364895,263.172021484375,266.283056640625
2026-02-19,260.3401184082031,264.2365527856389,259.81060750150084,262.35827847824623,30845300,-1.4261551090285374,263.82948989868163,265.92459899902343
2026-02-20,264.3364562988281,264.5063132392292,257.9223826043077,258.73163460792017,42070500,1.5350449692731916,264.65184020996094,265.66383483886716
2026-02-23,265.9349670410156,269.1819753311392,263.13755670993424,263.24744081710827,37308200,0.6047257970275721,265.56958770751953,265.44921508789065
2026-02-24,271.8895263671875,274.6369951599546,267.46358073991865,267.61343657617186,47014600,2.239103564464129,266.41724624633787,265.3217456054688
2026-02-25,273.97760009765625,274.6869380517792,270.8005039088116,271.5298429675081,33714300,0.7679860855135612,267.2265754699707,265.2510095214844
2026-02-26,272.6987609863281,275.8558253670768,270.55071567552415,274.6969199809464,32345100,-0.46676776162442035,268.06329040527345,265.1497058105469
2026-02-27,263.93682861328125,272.5588900215503,262.6480379442022,272.5588900215503,72366500,-3.213044438249635,268.3700805664063,264.9564093017578
2026-03-02,264.476318359375,266.2846497598317,259.960490133898,262.16844722421786,41827900,0.20440108677830526,268.64395599365236,264.7639208984375
2026-03-03,263.5072326660156,265.31556422164516,259.8905695547566,263.23749216234586,38568900,-0.3664168116717992,268.3438522338867,264.60734802246094
2026-03-04,262.2783508300781,265.9050144519466,261.179387723623,264.4063951364299,39803100,-0.46635601744375865,268.0087554931641,264.4192102050781
2026-03-05,260.0504150390625,261.3192350446657,257.01320478174756,260.54995479568396,49658600,-0.8494547048829904,267.21241455078126,264.15696838378904
2026-03-06,257.2229919433594,258.53178361058343,254.13584003818684,258.39192833924307,41120000,-1.087259597443213,266.30364685058595,263.8920782470703
2026-03-09,259.6407775878906,260.9095975388004,253.44647267699952,255.45463216869055,38218500,0.9399570490431275,265.4054748535156,263.6477954101563
2026-03-10,260.58990478515625,262.2384104290217,256.71350175461305,257.4128391437035,30590800,0.36555398041986376,264.7166091918945,263.39354919433595
2026-03-11,260.5699157714844,261.888707997661,259.3110658747261,260.8496568052655,26218900,-0.007670678451010549,264.0737014770508,263.1470880126953
2026-03-12,255.52456665039062,258.71164792954545,253.94601921584928,258.4219063383753,40794000,-1.936274610273292,263.0876098632813,262.7925323486328
2026-03-13,249.8897705078125,256.0940459350445,249.29033192864068,255.24483747003174,36930000,-2.2051876328148423,262.5076431274414,262.3388562011719
2026-03-16,252.58729553222656,253.6563027081548,249.6499992581203,251.87794235419486,32074200,1.0794859745288043,262.3597801208496,261.96348541259766
2026-03-17,253.99598693847656,254.89516767044782,251.94787083452104,252.72716690012706,32361600,0.5577047742174601,261.87772369384766,261.6332568359375
2026-03-18,249.70994567871094,254.70534343896443,248.7708084606242,252.3974721128864,35757900,-1.6874444795081711,261.15788650512695,261.29216827392577
2026-03-19,248.73085021972656,251.5982036354298,247.0723745163624,249.17043241392184,34864100,-0.3920930967820313,260.5774230957031,261.02931640625
2026-03-20,247.76173400878906,248.97061168291066,245.77356028907465,247.7517334570195,88331100,-0.38962445152316283,259.74868698120116,260.78760711669923
2026-03-23,251.25851440429688,254.3656523266213,250.0496214753341,253.73622734962268,40546100,1.4113480475494988,259.0148643493652,260.641584777832
2026-03-24,251.4083709716797,254.5954370944537,249.32029842391177,250.1195650925759,45152300,0.059642383756863815,257.99080657958984,260.4919720458984
2026-03-25,252.38746643066406,254.76528059453105,251.3684162845015,253.86611511385965,28476700,0.3894442556547473,256.9112998962402,260.3443734741211
2026-03-26,252.6572265625,256.76344411909713,250.53918279672283,251.88793104116345,41796700,0.10688333127273353,255.90922317504882,260.18620025634766
2026-03-27,248.57098388671875,255.2548282141602,247.8416601166152,253.666280215245,47900000,-1.6173068672430957,255.14093093872071,259.96806182861326
2026-03-30,246.40298461914062,250.63907198816298,245.28400520065438,249.83982057534305,39446200,-0.8721851736991693,254.23726425170898,259.7414987182617
2026-03-31,253.55638122558594,255.24482803058763,246.87255213324852,247.6818040942864,49598100,2.9031290418426448,253.7397216796875,259.71150360107424
2026-04-01,255.3946990966797,255.94418062939917,253.096813183035,253.8461228128272,40059400,0.7250134515282447,253.3955390930176,259.8945474243164
2026-04-02,255.68443298339844,255.89424639361263,250.4192795609811,253.96601496217014,31289400,0.11344553655323608,253.17723999023437,260.06442108154295
2026-04-06,258.6217041015625,261.9186847371787,256.2239194053331,256.27389167390277,29329900,1.1487876222620041,253.24717559814454,260.27906616210936
2026-04-07,253.26666259765625,255.96418954301222,245.47383916108728,255.92421782448065,62148000,-2.07060792616357,252.9284698486328,260.39279907226563
2026-04-08,258.66168212890625,259.51090582044134,256.29386854025813,258.2121146377317,41032800,2.1301735790709264,252.83205871582032,260.46730560302734
2026-04-09,260.2502136230469,260.879638597066,255.8342992320816,258.7615948993736,28121600,0.6141348347641795,252.81607360839843,260.5164895629883
2026-04-10,260.240234375,261.94865175168746,258.78155637925676,259.7406946341393,31291500,-0.0038344821731151058,253.0518569946289,260.6020050048828
2026-04-13,258.96142578125,259.9405042051452,256.4237552437805,259.49093671136296,36234700,-0.49139542039732254,253.50543975830078,260.6252130126953
2026-04-14,258.59173583984375,261.68888841493145,256.9532612999924,259.01136264890187,48370700,-0.142758690909639,253.80566177368163,260.6170715332031
2026-04-15,266.18475341796875,266.3146386359468,257.57269269729437,257.92237663273806,49913500,2.936295529114541,254.41510009765625,260.55058044433594
2026-04-16,263.15753173828125,266.91408037974617,261.0294875448873,266.55439590858066,43323100,-1.1372633634406881,255.08747940063478,260.43412536621094
2026-04-17,269.98126220703125,272.0493335842862,266.47448343207725,266.7142527536172,61436200,2.593021154924191,256.15,260.3142059326172
2026-04-20,272.79864501953125,274.0275237795767,270.04120633500696,270.08114756253855,36590200,1.043547537139644,257.40184555053713,260.2622119140625
2026-04-21,265.9250183105469,272.5488901425708,265.1557075406741,271.250098918132,50209800,-2.5196703995697067,258.1351707458496,260.0286279296875
2026-04-22,272.9185791015625,273.48803128351057,266.62435952726383,267.5734973129919,43249200,2.629899524101398,259.21068115234374,259.99965515136716
2026-04-23,273.1783142089844,275.5161566987003,271.39995382845746,274.79681820267325,33399600,0.09516944880663125,260.25022354125974,259.9946600341797
2026-04-24,270.81048583984375,272.80864483253174,269.4017800912603,272.50893317942314,38157100,-0.8667702544387201,261.15788650512695,259.90594177246095
2026-04-27,267.3636474609375,268.1129570778125,264.8260075108844,265.84505761361925,41466800,-1.2727861582674027,262.0975196838379,260.0234326171875
2026-04-28,270.4608154296875,272.97851539952296,268.4127145556596,272.0893199684016,40018900,1.1584102768505522,263.30041122436523,260.3217578125
2026-04-29,269.92132568359375,270.7905199823619,266.7942019267937,267.3037117460274,30047900,-0.1994705758897597,264.1186584472656,260.44744201660154
2026-04-30,271.1002502441406,275.7459641951834,267.893213328058,270.25102650288807,91848200,0.4367659937802859,264.9039360046387,260.5873132324219
2026-05-01,279.88214111328125,286.95561044034525,278.1137509144006,278.6032901046287,79915400,3.239351812191993,266.1138214111328,260.97815368652346
2026-05-04,276.5751647949219,280.3716851917065,274.60697695873915,279.4025768563376,46668400,-1.1815603186417278,267.0114944458008,261.2229278564453
2026-05-05,283.9184265136719,284.30808218316156,276.2455026895375,276.6750995896243,49311700,2.6550690927708454,268.54408264160156,261.5825970458984
2026-05-06,287.245361328125,287.76487170009636,280.8112868075762,281.66051049385584,58336100,1.1717924952267644,269.9732666015625,261.8897137451172
2026-05-07,287.1754150390625,291.8611003514943,285.5169394038565,289.00371711581823,45224300,-0.024350711440246364,271.3195266723633,262.15367004394534
2026-05-08,293.0500183105469,294.4886952888782,289.7330669166447,289.7430674686918,52692800,2.0456497888878378,272.96001586914065,262.56069519042967
2026-05-11,292.67999267578125,293.8800048828125,290.2300109863281,291.9800109863281,42247300,-0.12626705737772692,274.6459442138672,263.1355584716797
2026-05-12,294.79998779296875,295.2699890136719,292.55999755859375,292.55999755859375,45748100,0.7243389265544797,276.45635681152345,263.7420318603516
2026-05-13,298.8699951171875,300.9200134277344,293.5,293.5,52684300,1.3805995565634221,278.0906188964844,264.449287109375
2026-05-14,298.2099914550781,300.45001220703125,295.3800048828125,299.82000732421875,35324900,-0.220833028705536,279.8432418823242,265.167919921875
2026-05-15,300.2300109863281,303.20001220703125,296.5199890136719,297.8999938964844,54862800,0.6773815730967137,281.3556793212891,265.9715118408203
2026-05-18,297.8399963378906,300.6600036621094,294.9100036621094,300.239990234375,34483000,-0.7960612067346995,282.60774688720704,266.78385192871093
2026-05-19,298.9700012207031,300.510009765625,296.3500061035156,296.9700012207031,42243600,0.3793999787491842,284.25999603271487,267.5704364013672
2026-05-20,302.25,302.79998779296875,298.0799865722656,298.17999267578125,38229800,1.09709963070026,285.72656707763673,268.40363830566406
2026-05-21,304.989990234375,305.5400085449219,300.3999938964844,301.05999755859375,42965100,0.9065310949131433,287.31715087890626,269.2920397949219
2026-05-22,308.82000732421875,311.3999938964844,305.8399963378906,306.1199951171875,43670200,1.2557845216167651,289.217626953125,270.35794860839843
2026-05-26,308.3299865722656,311.82000732421875,307.6700134277344,309.55999755859375,48000500,-0.1586751960143129,291.2659439086914,271.5267529296875
2026-05-27,310.8500061035156,313.260009765625,308.29998779296875,308.3299865722656,50430900,0.8173125031610828,293.2854034423828,272.69200714111327
2026-05-28,312.510009765625,312.79998779296875,309.57000732421875,310.67999267578125,48220400,0.5340207912225559,295.4148376464844,273.86228759765623
2026-05-29,312.05999755859375,315.0,309.5299987792969,311.7799987792969,70026800,-0.1439992937726231,297.462825012207,275.1092886352539
2026-06-01,306.30999755859375,310.94000244140625,305.0199890136719,309.6300048828125,48849900,-1.8425943872925732,298.78421783447266,276.26087158203126
2026-06-02,315.20001220703125,315.45001220703125,306.7200012207031,307.4599914550781,44374534,2.902293336585249,300.7154602050781,277.6096371459961
